{
	"credit": "Made with Blockbench",
	"textures": {
		"0": "block/henzoid",
		"1": "block/snow",
		"particle": "block/henzoid"
	},
	"elements": [
		{
			"from": [8, 0, 6],
			"to": [12, 12, 10],
			"rotation": {"angle": 0, "axis": "y", "origin": [7, 8, 14]},
			"faces": {
				"north": {"uv": [6.25, 13, 5.25, 16], "texture": "#0"},
				"east": {"uv": [5.5, 13, 6.5, 16], "texture": "#0"},
				"south": {"uv": [8, 13, 7, 16], "texture": "#0"},
				"down": {"uv": [6, 12, 7, 13], "texture": "#0"}
			}
		},
		{
			"from": [4, 0, 6],
			"to": [8, 12, 10],
			"rotation": {"angle": 0, "axis": "y", "origin": [7, 8, 14]},
			"faces": {
				"north": {"uv": [5.25, 13, 6.25, 16], "texture": "#0"},
				"south": {"uv": [7, 13, 8, 16], "texture": "#0"},
				"west": {"uv": [6.5, 13, 7.5, 16], "texture": "#0"},
				"down": {"uv": [6, 12, 7, 13], "texture": "#0"}
			}
		},
		{
			"from": [12, 12, 6],
			"to": [16, 24, 10],
			"rotation": {"angle": 0, "axis": "y", "origin": [9, 8, 2]},
			"faces": {
				"north": {"uv": [11, 5, 12, 8], "texture": "#0"},
				"east": {"uv": [10, 5, 11, 8], "texture": "#0"},
				"south": {"uv": [9.25, 5, 10.25, 8], "texture": "#0"},
				"up": {"uv": [11, 4, 12, 5], "rotation": 180, "texture": "#0"},
				"down": {"uv": [8, 4, 9, 5], "rotation": 180, "texture": "#0"}
			}
		},
		{
			"from": [0, 12, 6],
			"to": [4, 24, 10],
			"rotation": {"angle": 0, "axis": "y", "origin": [9, 8, 2]},
			"faces": {
				"north": {"uv": [12, 5, 11, 8], "texture": "#0"},
				"south": {"uv": [11, 5, 12, 8], "texture": "#0"},
				"west": {"uv": [10, 5, 11, 8], "texture": "#0"},
				"up": {"uv": [11, 4, 12, 5], "rotation": 180, "texture": "#0"},
				"down": {"uv": [12, 4, 13, 5], "rotation": 180, "texture": "#0"}
			}
		},
		{
			"from": [0, 11, 5.99],
			"to": [4, 23, 5.99],
			"rotation": {"angle": 0, "axis": "y", "origin": [9, 7, 2]},
			"faces": {
				"north": {"uv": [12, 9.25, 11, 12.25], "texture": "#0"},
				"south": {"uv": [11, 5, 12, 8], "texture": "#0"},
				"west": {"uv": [10, 5, 11, 8], "texture": "#0"},
				"up": {"uv": [11, 4, 12, 5], "rotation": 180, "texture": "#0"},
				"down": {"uv": [12, 4, 13, 5], "rotation": 180, "texture": "#0"}
			}
		},
		{
			"from": [12, 11, 5.99],
			"to": [16, 23, 5.99],
			"rotation": {"angle": 0, "axis": "y", "origin": [9, 7, 2]},
			"faces": {
				"north": {"uv": [12, 9.25, 11, 12.25], "texture": "#0"},
				"south": {"uv": [11, 5, 12, 8], "texture": "#0"},
				"west": {"uv": [10, 5, 11, 8], "texture": "#0"},
				"up": {"uv": [11, 4, 12, 5], "rotation": 180, "texture": "#0"},
				"down": {"uv": [12, 4, 13, 5], "rotation": 180, "texture": "#0"}
			}
		},
		{
			"from": [4, 12, 6],
			"to": [12, 24, 10],
			"rotation": {"angle": 0, "axis": "y", "origin": [9, 8, 2]},
			"faces": {
				"north": {"uv": [5, 5, 7, 8], "texture": "#0"},
				"south": {"uv": [8, 5, 10, 8], "texture": "#0"}
			}
		},
		{
			"from": [4, 24, 4],
			"to": [12, 32, 12],
			"rotation": {"angle": 0, "axis": "y", "origin": [9, 8, 2]},
			"faces": {
				"north": {"uv": [2, 2, 4, 4], "texture": "#0"},
				"east": {"uv": [0, 2, 2, 4], "texture": "#0"},
				"south": {"uv": [6, 2, 8, 4], "texture": "#0"},
				"west": {"uv": [4, 2, 6, 4], "texture": "#0"},
				"up": {"uv": [2, 0, 4, 2], "rotation": 180, "texture": "#0"},
				"down": {"uv": [4, 0, 6, 2], "texture": "#0"}
			}
		},
		{
			"from": [0, 0, 0],
			"to": [16, 0.01, 16],
			"faces": {
				"north": {"uv": [0, 0, 16, 0.01], "texture": "#1"},
				"east": {"uv": [0, 0, 16, 0.01], "texture": "#missing"},
				"south": {"uv": [0, 0, 16, 0.01], "texture": "#missing"},
				"west": {"uv": [0, 0, 16, 0.01], "texture": "#missing"},
				"up": {"uv": [0, 0, 16, 16], "texture": "#1"},
				"down": {"uv": [0, 0, 16, 16], "texture": "#missing"}
			}
		},
		{
			"from": [3.5, 29, 3.5],
			"to": [12.5, 32, 12.5],
			"faces": {
				"north": {"uv": [9.75, 2, 12.25, 3], "texture": "#0"},
				"east": {"uv": [8, 2, 10.5, 3], "texture": "#0"},
				"south": {"uv": [14, 2, 16, 3], "texture": "#0"},
				"west": {"uv": [11.5, 2, 14, 3], "texture": "#0"},
				"up": {"uv": [13.25, 9.5, 15.75, 10.5], "texture": "#0"},
				"down": {"uv": [13, 8.75, 15.5, 9.75], "texture": "#0"}
			}
		}
	]
}