[{"name":"Main Lobby","unlocalizedName":"mainLobby","imageURL":"https://bugg.co/quickplay/images/games/platform-pc-256.png","modes":[{"name":"Go to Lobby One","command":"/quickplaylobby main 1"},{"name":"Go to Limbo","command":"/quickplay limbo"},{"name":"Delivery Menu","command":"/quickplay delivery"},{"name":"Run Lobby Command","command":"/lobby"}]},{"name":"Arcade","unlocalizedName":"arcade","imageURL":"https://bugg.co/quickplay/images/games/Arcade-256.png","modes":[{"name":"Go to Lobby One","command":"/quickplaylobby arcade 1"},{"name":"Mini Walls","command":"/play arcade_mini_walls"},{"name":"Football","command":"/play arcade_soccer"},{"name":"Zombies - Dead End","command":"/play arcade_zombies_dead_end"},{"name":"Zombies - Bad Blood","command":"/play arcade_zombies_bad_blood"},{"name":"Zombies - Alien Arcadium","command":"/play arcade_zombies_alien_arcadium"},{"name":"Hide and Seek - Party Pooper","command":"/play arcade_hide_and_seek_party_pooper"},{"name":"Hide and Seek - Prop Hunt","command":"/play arcade_hide_and_seek_prop_hunt"},{"name":"Hypixel Says","command":"/play arcade_simon_says"},{"name":"Farm Hunt","command":"/play arcade_farm_hunt"},{"name":"Party Games","command":"/play arcade_party_games_1"},{"name":"Hole in the Wall","command":"/play arcade_hole_in_the_wall"},{"name":"Bounty Hunters","command":"/play arcade_bounty_hunters"},{"name":"Pixel Painters","command":"/play arcade_pixel_painters"},{"name":"Dragon Wars","command":"/play arcade_dragon_wars"},{"name":"Ender Spleef","command":"/play arcade_ender_spleef"},{"name":"Galaxy Wars","command":"/play arcade_starwars"},{"name":"Throw Out","command":"/play arcade_throw_out"},{"name":"Creeper Attack","command":"/play arcade_creeper_defense"},{"name":"The Blocking Dead","command":"/play arcade_day_one"}]},{"name":"BedWars","unlocalizedName":"bedwars","imageURL":"https://bugg.co/quickplay/images/games/BedWars-256.png","modes":[{"name":"Go to Lobby One","command":"/quickplaylobby bedwars 1"},{"name":"Solo","command":"/play bedwars_eight_one"},{"name":"Doubles","command":"/play bedwars_eight_two"},{"name":"3v3v3v3","command":"/play bedwars_four_three"},{"name":"4v4v4v4","command":"/play bedwars_four_four"},{"name":"4v4","command":"/play bedwars_two_four"},{"name":"Castle","command":"/play bedwars_castle"}]},{"name":"Blitz SG","unlocalizedName":"blitz","imageURL":"https://bugg.co/quickplay/images/games/SG-256.png","modes":[{"name":"Go to Lobby One","command":"/quickplaylobby blitz 1"},{"name":"Solo","command":"/play blitz_solo_normal"},{"name":"Teams","command":"/play blitz_teams_normal"},{"name":"1v1 Duels","command":"/play duels_blitz_duel"}]},{"name":"Build Battle","unlocalizedName":"buildBattle","imageURL":"https://bugg.co/quickplay/images/games/BuildBattle-256.png","modes":[{"name":"Go to Lobby One","command":"/quickplaylobby bb 1"},{"name":"Solo","command":"/play build_battle_solo_normal"},{"name":"Teams","command":"/play build_battle_teams_normal"},{"name":"Pro","command":"/play build_battle_solo_pro"},{"name":"Guess the Build","command":"/play build_battle_guess_the_build"}]},{"name":"Classic Games","unlocalizedName":"classic","imageURL":"https://bugg.co/quickplay/images/games/ClassicLobby-256.png","modes":[{"name":"Go to Lobby One","command":"/quickplaylobby classic 1"},{"name":"Arena Brawl 1v1","command":"/play arena_1v1"},{"name":"Arena Brawl 2v2","command":"/play arena_2v2"},{"name":"Arena Brawl 4v4","command":"/play arena_4v4"},{"name":"Paintball","command":"/play paintball"},{"name":"Quakecraft Solo","command":"/play quake_solo"},{"name":"Quakecraft Teams","command":"/play quake_teams"},{"name":"The Walls","command":"/play walls"},{"name":"Turbo Kart Racers","command":"/play tkr"},{"name":"VampireZ","command":"/play vampirez"}]},{"name":"Cops and Crims","unlocalizedName":"cvc","imageURL":"https://bugg.co/quickplay/images/games/CVC-256.png","modes":[{"name":"Go to Lobby One","command":"/quickplaylobby cvc 1"},{"name":"Defusal","command":"/play mcgo_normal"},{"name":"Team Deathmatch","command":"/play mcgo_deathmatch"},{"name":"Defusal Party","command":"/play mcgo_normal_party"},{"name":"Team Deathmatch Party","command":"/play mcgo_deathmatch_party"}]},{"name":"Crazy Walls","unlocalizedName":"crazyWalls","imageURL":"https://bugg.co/quickplay/images/games/CrazyWalls-256.png","modes":[{"name":"Go to Lobby One","command":"/quickplaylobby truepvp 1"},{"name":"Solo Normal","command":"/play crazy_walls_solo"},{"name":"Solo Lucky","command":"/play crazy_walls_solo_chaos"},{"name":"Teams Normal","command":"/play crazy_walls_team"},{"name":"Teams Lucky","command":"/play crazy_walls_team_chaos"}]},{"name":"Duels","unlocalizedName":"duels","imageURL":"https://bugg.co/quickplay/images/games/Duels-256.png","modes":[{"name":"Go to Lobby One","command":"/quickplaylobby duels 1"},{"name":"Blitz 1v1","command":"/play duels_blitz_duel"},{"name":"Bow 1v1","command":"/play duels_bow_duel"},{"name":"Bow Spleef 1v1","command":"/play duels_bowspleef_duel"},{"name":"Classic 1v1","command":"/play duels_classic_duel"},{"name":"Combo 1v1","command":"/play duels_combo_duel"},{"name":"Sumo","command":"/play duels_sumo_duel"},{"name":"MegaWalls 1v1","command":"/play duels_mw_duel"},{"name":"MegaWalls 2v2","command":"/play duels_mw_doubles"},{"name":"NoDebuff 1v1","command":"/play duels_potion_duel"},{"name":"Ranked Bow Duel 1v1","command":"/play duels_ranked_1"},{"name":"OP 1v1","command":"/play duels_op_duel"},{"name":"OP 2v2","command":"/play duels_op_doubles"},{"name":"SkyWars 1v1","command":"/play duels_sw_duel"},{"name":"SkyWars 2v2","command":"/play duels_sw_doubles"},{"name":"UHC 1v1","command":"/play duels_uhc_duel"},{"name":"UHC 2v2","command":"/play duels_uhc_doubles"},{"name":"UHC 4v4","command":"/play duels_uhc_four"},{"name":"The Bridge 1v1","command":"/play duels_bridge_duel"},{"name":"The Bridge 2v2","command":"/play duels_bridge_doubles"},{"name":"The Bridge 4v4","command":"/play duels_bridge_four"},{"name":"The Bridge 2v2v2v2","command":"/play duels_bridge_2v2v2v2"},{"name":"The Bridge 3v3v3v3","command":"/play duels_bridge_3v3v3v3"}]},{"name":"Housing","unlocalizedName":"housing","imageURL":"https://bugg.co/quickplay/images/games/Housing-256.png","modes":[{"name":"Go Home","command":"/home"}]},{"name":"Mega Walls","unlocalizedName":"mw","imageURL":"https://bugg.co/quickplay/images/games/MegaWalls-256.png","modes":[{"name":"Go to Lobby One","command":"/quickplaylobby mw 1"},{"name":"Standard","command":"/play mw_standard"},{"name":"Face off","command":"/play mw_face_off"},{"name":"1v1 Duels","command":"/play duels_mw_duel"},{"name":"2v2 Duels","command":"/play duels_mw_doubles"}]},{"name":"Murder Mystery","unlocalizedName":"murder","imageURL":"https://bugg.co/quickplay/images/games/MurderMystery-256.png","modes":[{"name":"Go to Lobby One","command":"/quickplaylobby mm 1"},{"name":"Classic","command":"/play murder_classic"},{"name":"Assassins","command":"/play murder_assassins"},{"name":"Infection V2","command":"/play murder_infection"},{"name":"Double Up","command":"/play murder_double_up"}]},{"name":"Prototype","unlocalizedName":"prototype","imageURL":"https://bugg.co/quickplay/images/games/Prototype-256.png","modes":[{"name":"Go to Lobby One","command":"/quickplaylobby ptl 1"},{"name":"The Pit","command":"/play pit"},{"name":"King of the Hill - Two Teams","command":"/play prototype_koth_two_team"},{"name":"King of the Hill - Four Teams","command":"/play prototype_koth_four_team"},{"name":"Capture The Wool","command":"/play prototype_pvp_ctw"},{"name":"SkyBlock","command":"/play skyblock"},{"name":"TowerWars - Solo","command":"/play prototype_towerwars_solo"},{"name":"TowerWars - Team of Two","command":"/play prototype_towerwars_team_of_two"}]},{"name":"SkyBlock","unlocalizedName":"skyblock","imageURL":"https://bugg.co/quickplay/images/games/SkyBlock-256.png","modes":[{"name":"Go to Lobby One","command":"/quickplaylobby skyblock 1"},{"name":"Join SkyBlock","command":"/play skyblock"},{"name":"Go to the SkyBlock Hub","command":"/warp hub"},{"name":"Go to Your Island","command":"/warp home"}]},{"name":"SkyWars","unlocalizedName":"skywars","imageURL":"https://bugg.co/quickplay/images/games/Skywars-256.png","modes":[{"name":"Go to Lobby One","command":"/quickplaylobby sw 1"},{"name":"Solo Normal","command":"/play solo_normal"},{"name":"Solo Insane","command":"/play solo_insane"},{"name":"Doubles Normal","command":"/play teams_normal"},{"name":"Doubles Insane","command":"/play teams_insane"},{"name":"Ranked","command":"/play ranked_normal"},{"name":"Mega Doubles","command":"/play mega_doubles"},{"name":"Solo - Lucky Blocks","command":"/play solo_insane_lucky"},{"name":"Doubles - Lucky Blocks","command":"/play teams_insane_lucky"},{"name":"Solo - TNT Madness","command":"/play solo_insane_tnt_madness"},{"name":"Doubles - TNT Madness","command":"/play teams_insane_tnt_madness"},{"name":"1v1 Duels","command":"/play duels_sw_duel"},{"name":"2v2 Duels","command":"/play duels_sw_doubles"}]},{"name":"Smash Heroes","unlocalizedName":"smashHeroes","imageURL":"https://bugg.co/quickplay/images/games/SmashHeroes-256.png","modes":[{"name":"Go to Lobby One","command":"/quickplaylobby smash 1"},{"name":"Solo","command":"/play super_smash_solo_normal"},{"name":"2v2","command":"/play super_smash_2v2_normal"},{"name":"2v2v2","command":"/play super_smash_teams_normal"},{"name":"Friends","command":"/play super_smash_friends_normal"},{"name":"1v1","command":"/play super_smash_1v1_normal"}]},{"name":"TNT Games","unlocalizedName":"tnt","imageURL":"https://bugg.co/quickplay/images/games/TNT-256.png","modes":[{"name":"Go to Lobby One","command":"/quickplaylobby tnt 1"},{"name":"TNT Run","command":"/play tnt_tntrun"},{"name":"PVP Run","command":"/play tnt_pvprun"},{"name":"Bow Spleef","command":"/play tnt_bowspleef"},{"name":"TNT Tag","command":"/play tnt_tntag"},{"name":"Wizards","command":"/play tnt_capture"},{"name":"Bow Spleef Duels","command":"/play duels_bowspleef_duel"}]},{"name":"UHC Champions","unlocalizedName":"uhc","imageURL":"https://bugg.co/quickplay/images/games/UHC-256.png","modes":[{"name":"Go to Lobby One","command":"/quickplaylobby uhc 1"},{"name":"Solo","command":"/play uhc_solo"},{"name":"Teams of 3","command":"/play uhc_teams"},{"name":"Speed Solo Normal","command":"/play speed_solo_normal"},{"name":"Speed Teams Normal","command":"/play speed_team_normal"},{"name":"1v1 Duels","command":"/play duels_uhc_duel"},{"name":"2v2 Duels","command":"/play duels_uhc_doubles"},{"name":"4v4 Duels","command":"/play duels_uhc_four"},{"name":"Deathmatch","command":"/play duels_uhc_meetup"}]},{"name":"Warlords","unlocalizedName":"warlords","imageURL":"https://bugg.co/quickplay/images/games/Warlords-256.png","modes":[{"name":"Go to Lobby One","command":"/quickplaylobby warlords 1"},{"name":"Capture the Flag","command":"/play warlords_ctf_mini"},{"name":"Domination","command":"/play warlords_domination"},{"name":"Team Deathmatch","command":"/play warlords_team_deathmatch"}]},{"name":"Party Mode","unlocalizedName":"partyMode","imageURL":"https://bugg.co/quickplay/images/games/Adventure-256.png","modes":[{"name":"Customize","command":"/quickplay party"},{"name":"Launch!","command":"/quickplay party launch"}]}]